<modification>
	<name>[OCN] Export/Import Tool RU</name>
	<code>ocn__export_import_tool</code>
	<version>3.0.0.0</version>
	<author>Hkr</author>
	<link>https://forum.opencart.name/resources/97/</link>
	<file path="admin/controller/common/column_left.php">
		<operation>
			<search><![CDATA[if ($this->user->hasPermission('access', 'tool/upload')) {]]></search>
			<add position="before"><![CDATA[
			if ($this->user->hasPermission('access', 'extension/export_import')) {
				$maintenance[] = [
					'name'     => $this->language->get('text_export_import'),
					'href'     => $this->url->link('extension/export_import', 'user_token=' . $this->session->data['user_token'], true),
					'children' => []
				];
			}
			]]></add>
		</operation>
	</file>
	<file path="admin/language/*/common/column_left.php">
		<operation>
			<search><![CDATA[$_['text_backup']]]></search>
			<add position="after"><![CDATA[$_['text_export_import']             = 'Экспорт / Импорт';]]></add>
		</operation>
	</file>
</modification>
